link,header,time,thumbnail,summary,date
/news-releases/capps-and-dodge-charger-srt-hellcat-earn-2021-nhra-funny-car-world-championship-301423732.html,Capps and Dodge Charger SRT Hellcat Earn 2021 NHRA Funny Car World Championship,2021-11-14 23:52:00,https://mma.prnewswire.com/media/1687919/2146_14509.jpg?p=thumbnail,Dodge Charger SRT Hellcat driver Ron Capps and his Don Schumacher Racing (DSR) team earned the 2021 National Hot Rod Association (NHRA) Funny Car...,2021-11-14
/news-releases/tribute-fruit-in-the-ancient-times-enjoyed-by-the-commons-301423731.html,"""Tribute Fruit"" in the Ancient Times Enjoyed by the Commons",2021-11-14 23:47:00,https://mma.prnewswire.com/media/1687812/Deqing_Tribute_Mandarines.jpg?p=thumbnail,"On November 11th, the online shopping festival in China, Deqing Tribute Mandarine, a fruit from China, was shown on the landmark screen of Times...",2021-11-14
/news-releases/kikitrade-kundigt-joint-venture-mit-oxford-frontier-an-um-eine-digital-asset-handelsplattform-fur-die-markte-im-nahen-osten-zu-starten-802325389.html,"Kikitrade kündigt Joint Venture mit Oxford Frontier an, um eine Digital-Asset-Handelsplattform für die Märkte im Nahen Osten zu starten",2021-11-14 23:10:00,https://mma.prnewswire.com/media/1685730/logo_horizontal_01_Logo.jpg?p=thumbnail,"Kikitrade hat im Jahr 2021 insgesamt 12 Mio. USD aufgebracht, um sein Wachstum in den APAC-Märkten zu beschleunigen, unterstützt von Investoren wie...",2021-11-14
/news-releases/kikitrade-annonce-une-coentreprise-avec-oxford-frontier-pour-lancer-une-plateforme-de-trading-d-actifs-numeriques-ciblant-les-marches-du-moyen-orient-818398175.html,Kikitrade annonce une coentreprise avec Oxford Frontier pour lancer une plateforme de trading d'actifs numériques ciblant les marchés du Moyen-Orient,2021-11-14 23:08:00,https://mma.prnewswire.com/media/1685730/logo_horizontal_01_Logo.jpg?p=thumbnail,"Kikitrade a levé un total de $12M en 2021 pour accélérer sa croissance sur les marchés APAC, soutenu par des investisseurs comme le milliardaire...",2021-11-14
/news-releases/dhl-express-places-its-largest-boeing-converted-freighter-order-to-date-301423539.html,DHL Express Places Its Largest Boeing Converted Freighter Order to Date,2021-11-14 23:00:00,https://mma.prnewswire.com/media/1687444/Boeing_DHL_BCF_Order.jpg?p=thumbnail,DHL Express (DHL) and Boeing [NYSE: BA] today announced that the logistics company placed a firm order for nine more 767-300 Boeing Converted...,2021-11-14
/news-releases/electrifai-announces-computer-vision-and-mlaas-for-oil-gas-and-energy-at-adipec-301423688.html,"ElectrifAi Announces Computer Vision and MLaaS for Oil, Gas and Energy at ADIPEC",2021-11-14 23:00:00,https://mma.prnewswire.com/media/1527876/ElectrifAi_Logo.jpg?p=thumbnail,"ElectrifAi, one of the world's leading companies in practical artificial intelligence (Ai) and pre-built machine learning (ML) models, today...",2021-11-14
/news-releases/honest-company-24-hour-deadline-alert-former-louisiana-attorney-general-and-kahn-swick--foti-llc-remind-investors-with-losses-in-excess-of-100-000-of-deadline-in-class-action-lawsuits-against-the-honest-company-inc---hnst-301423434.html,"HONEST COMPANY 24 HOUR DEADLINE ALERT: FORMER LOUISIANA ATTORNEY GENERAL AND KAHN SWICK & FOTI, LLC REMIND INVESTORS WITH LOSSES IN EXCESS of $100,000 of Deadline in Class Action Lawsuits Against The Honest Company, Inc. - HNST",2021-11-14 22:50:00,https://mma.prnewswire.com/media/1460233/New_logo_pr_sec_Logo.jpg?p=thumbnail,"Kahn Swick & Foti, LLC (""KSF"") and KSF partner, the former Attorney General of Louisiana, Charles C. Foti, Jr., remind investors that they have until ...",2021-11-14
/news-releases/waterdrop-24-hour-deadline-alert-former-louisiana-attorney-general-and-kahn-swick--foti-llc-remind-investors-with-losses-in-excess-of-100-000-of-deadline-in-class-action-lawsuit-against-waterdrop-inc---wdh-301423442.html,"WATERDROP 24 HOUR DEADLINE ALERT: FORMER LOUISIANA ATTORNEY GENERAL AND KAHN SWICK & FOTI, LLC REMIND INVESTORS WITH LOSSES IN EXCESS OF $100,000 of Deadline in Class Action Lawsuit Against Waterdrop Inc. - WDH",2021-11-14 22:50:00,https://mma.prnewswire.com/media/1460233/New_logo_pr_sec_Logo.jpg?p=thumbnail,"Kahn Swick & Foti, LLC (""KSF"") and KSF partner, the former Attorney General of Louisiana, Charles C. Foti, Jr., remind investors that they have only...",2021-11-14
/news-releases/boston-beer-24-hour-deadline-alert-former-louisiana-attorney-general-and-kahn-swick--foti-llc-remind-investors-with-losses-in-excess-of-100-000-of-deadline-in-class-action-lawsuits-against-the-boston-beer-company-inc---sam-301423436.html,"BOSTON BEER 24 HOUR DEADLINE ALERT: FORMER LOUISIANA ATTORNEY GENERAL AND KAHN SWICK & FOTI, LLC REMIND INVESTORS WITH LOSSES IN EXCESS OF $100,000 of Deadline in Class Action Lawsuits Against The Boston Beer Company, Inc. - SAM",2021-11-14 22:50:00,https://mma.prnewswire.com/media/1460233/New_logo_pr_sec_Logo.jpg?p=thumbnail,"Kahn Swick & Foti, LLC (""KSF"") and KSF partner, the former Attorney General of Louisiana, Charles C. Foti, Jr., remind investors that they have until ...",2021-11-14
/news-releases/hai-robotics-nombrada-ganadora-de-la-categoria-de-robotica-del-next-gen-supply-chain-award--815312004.html,"HAI ROBOTICS nombrada ganadora de la categoría de robótica del ""Next-Gen Supply Chain Award""",2021-11-14 22:41:00,https://mma.prnewswire.com/media/1666786/IMAGE_1.jpg?p=thumbnail,"HAI ROBOTICS, líder mundial en sistemas de robótica autónoma de manipulación de cajas (ACR) para la logística de almacenes, ha ganado la categoría de ...",2021-11-14
/news-releases/pimax-startet-pcvr-store-noch-vor-ende-marz-2022-887759532.html,Pimax startet PCVR-Store noch vor Ende März 2022,2021-11-14 21:57:00,https://mma.prnewswire.com/media/1681070/Partnership_Pimax_iRacing_Pimax_VR_headsets_deliver_optimum_experience_playing.jpg?p=thumbnail,"Pimax Innovation, ein Technologieunternehmen, das sich auf fortschrittliche Virtual-Reality-Hardwareprodukte spezialisiert hat, kündigte Pläne an,...",2021-11-14
/news-releases/sk-networks-and-ls-nikko-copper-in-esg-partnership-for-resource-recycling-301423699.html,"SK networks and LS-Nikko Copper, in ESG partnership for resource recycling",2021-11-14 21:56:00,https://mma.prnewswire.com/media/1687757/SK_____LS______MOU.jpg?p=thumbnail,"SK networks, the brand owner of Mintit which is an ICT recycling program and LS-Nikko Copper, the national nonferrous metal enterprise teamed up for...",2021-11-14
/news-releases/pimax-lanzara-la-tienda-de-pcvr-para-finales-de-marzo-de-2022-868231631.html,Pimax lanzará la tienda de PCVR para finales de marzo de 2022,2021-11-14 21:56:00,https://mma.prnewswire.com/media/1681070/Partnership_Pimax_iRacing_Pimax_VR_headsets_deliver_optimum_experience_playing.jpg?p=thumbnail,"Pimax Innovation, una empresa de tecnología especializada en productos de hardware de realidad virtual avanzada anunció planes para lanzar una tienda ...",2021-11-14
/news-releases/cgtn-jak-komunisticka-strana-ciny-cerpa-silu-z-historie-aby-mohla-vykrocit-na-novou-cestu-892988117.html,"CGTN: Jak Komunistická strana Číny čerpá sílu z historie, aby mohla vykročit na novou cestu",2021-11-14 21:49:00,,Od svého založení před 100 lety dovedla Komunistická strana Číny (KS Číny) Čínu k obrovským vnitrostátním úspěchům a významně přispěla k...,2021-11-14
/news-releases/cgtn-comment-le-pcc-puise-t-il-sa-force-dans-l-histoire-pour-se-lancer-dans-un-nouveau-voyage-835628013.html,CGTN : Comment le PCC puise-t-il sa force dans l'histoire pour se lancer dans un nouveau voyage,2021-11-14 21:47:00,,"Depuis sa fondation il y a 100 ans, le Parti communiste chinois (PCC) a conduit la Chine à d'énormes réalisations dans son pays et à d'importantes...",2021-11-14
/news-releases/cgtn-wie-die-kpc-kraft-aus-der-geschichte-schopft-um-einen-neuen-weg-einzuschlagen--893185317.html,"CGTN: Wie die KPC Kraft aus der Geschichte schöpft, um einen neuen Weg einzuschlagen?",2021-11-14 21:46:00,,Seit ihrer Gründung vor 100 Jahren hat die Kommunistische Partei Chinas (KPC) China zu enormen Erfolgen im eigenen Land und zu bedeutenden Beiträgen...,2021-11-14
/news-releases/cgtn-ako-komunisticka-strana-ciny-nabera-silu-z-dejin-pri-nastupe-na-novu-cestu-846698806.html,CGTN: Ako Komunistická strana Číny naberá silu z dejín pri nástupe na novú cestu,2021-11-14 21:44:00,,"Od jej založenia pred 100 rokmi, Komunistická strana Číny (KSČ) priviedla Čínu k obrovským úspechom doma a k významnému podielu na svetovom mieri a...",2021-11-14
/news-releases/cgtn-kak-kpk-cherpaet-silu-iz-istorii-chtoby-nachat-novyi-put--826434591.html,"CGTN: Как КПК черпает силу из истории, чтобы начать новый путь",2021-11-14 21:39:00,,С момента своего основания 100 лет назад Коммунистическая партия Китая (КПК) привела страну к огромным внутренним достижениям и внесла значительный...,2021-11-14
/news-releases/huge-final-day-lifts-zaldain-and-rickard-to-bassmaster-redfish-cup-championship-win-301423684.html,Huge Final Day Lifts Zaldain And Rickard To Bassmaster Redfish Cup Championship Win,2021-11-14 21:16:00,https://mma.prnewswire.com/media/1687802/Redfish_Winners_Zaldain_and_Rickard.jpg?p=thumbnail,"Despite a Day 2 letdown, Bassmaster Elite Series pro Chris Zaldain of Fort Worth, Texas, and IFA Redfish Tour angler Ryan Rickard of Brandon, Fla.,...",2021-11-14
/news-releases/itoe-fashion-home-online-expo-to-be-held-from-nov-15-19-301423679.html,ITOE Fashion Home Online Expo to be held from Nov 15-19,2021-11-14 21:09:00,https://mma.prnewswire.com/media/1687776/WechatIMG3156.jpg?p=thumbnail,"Guangdong Premium Products International Trade Online Expo – Fashion Home Expo, will be held virtually on the International Trade Online Expo (ITOE)...",2021-11-14
/news-releases/cbc-group-partners-with-apg-to-launch-healthcare-real-estate-platform-and-announce-us500-million-first-close-of-china-life-science-venture-301423672.html,CBC Group Partners with APG to Launch Healthcare Real Estate Platform and Announce US$500 Million First Close of China Life Science Venture,2021-11-14 21:08:00,,"BC Group (""CBC""), Asia's largest healthcare-dedicated investment firm, announced today a partnership with APG Asset Management (""APG""), the largest...",2021-11-14
/news-releases/2000-watt-smart-cities-association-actual-e-peace-innovation-institute-firmam-parceria-para-trabalhar-com-cidades-do-mundo-todo-e-acelerar-sua-transicao-para-a-descarbonizacao-854942512.html,"2000-Watt Smart Cities Association, ACTUAL e Peace Innovation Institute firmam parceria para trabalhar com cidades do mundo todo e acelerar sua transição para a descarbonização",2021-11-14 21:00:00,,"A 2000-Watt Smart Cities Association (Associação das Cidades Inteligentes de 2.000 Watts), a ACTUAL e o Peace Innovation Institute em Haia estão...",2021-11-14
/news-releases/la-2000-watt-smart-cities-association-actual-y-el-peace-innovation-institute-se-asocian-para-trabajar-con-ciudades-de-todo-el-mundo-y-acelerar-su-transicion-a-la-descarbonizacion-842740576.html,"La 2000-Watt Smart Cities Association, ACTUAL y el Peace Innovation Institute se asocian para trabajar con ciudades de todo el mundo y acelerar su transición a la descarbonización",2021-11-14 21:00:00,,"La 2000-Watt Smart Cities Association, ACTUAL y el Peace Innovation Institute de la Haya se asocian para trabajar con ciudades de todo el mundo y...",2021-11-14
/news-releases/assotsiatsiia-2000-watt-smart-cities-s-partnerami-nachinaiut-rabotu-po-dekarbonizatsii-gorodov-833026618.html,Ассоциация 2000-Watt Smart Cities с партнерами начинают работу по декарбонизации городов,2021-11-14 21:00:00,,"Ассоциация 200-ваттных умных городов (2000-Watt Smart Cities Association), платформа ACTUAL и Институт инноваций мира в Гааге (The Peace Innovation...",2021-11-14
/news-releases/2000-watt-smart-cities-association-actual-und-peace-innovation-institute-arbeiten-mit-stadten-auf-der-ganzen-welt-zusammen-um-den-ubergang-zur-dekarbonisierung-zu-beschleunigen-832809052.html,"2000-Watt Smart Cities Association, ACTUAL und Peace Innovation Institute arbeiten mit Städten auf der ganzen Welt zusammen, um den Übergang zur Dekarbonisierung zu beschleunigen",2021-11-14 21:00:00,,"Die 2000-Watt Smart Cities Association, ACTUAL und das Peace Innovation Institute in Den Haag schließen sich zusammen, um mit Städten auf der ganzen...",2021-11-14
/news-releases/asociacia-2000-wattovych-inteligentnych-miest-spolocnost-actual-a-institut-mierovych-inovacii-sa-spojili-pre-spolupracu-s-mestami-na-celom-svete-a-urychlenie-ich-prechodu-na-dekarbonizaciu-844131644.html,"Asociácia 2000-wattových inteligentných miest, spoločnosť ACTUAL a Inštitút mierových inovácií sa spojili pre spoluprácu s mestami na celom svete a urýchlenie ich prechodu na dekarbonizáciu",2021-11-14 21:00:00,,"Asociácia 2000-wattových inteligentných miest, spoločnosť ACTUAL a Inštitút mierových inovácií v Haagu spolupracujú s mestami na celom svete a...",2021-11-14
/news-releases/global-accelerated-ventures-actual-a-bioassets-spolupracuju-s-podnikmi-na-umozneni-uplnej-dekarbonizacie-834104285.html,"Global Accelerated Ventures, ACTUAL a Bioassets spolupracujú s podnikmi na umožnení úplnej dekarbonizácie",2021-11-14 21:00:00,,Spoločnosti Global Accelerated Ventures (GAV) a ACTUAL uzavreli partnerstvo so spoločnosťou Bioassets s cieľom integrovať vysokokvalitné osvedčené...,2021-11-14
/news-releases/la-2000-watt-smart-cities-association-actual-et-le-peace-innovation-institute-s-associent-pour-travailler-avec-les-villes-du-monde-entier-et-accelerer-leur-transition-vers-la-decarbonisation-802745060.html,"La 2000-Watt Smart Cities Association, ACTUAL et le Peace Innovation Institute s'associent pour travailler avec les villes du monde entier et accélérer leur transition vers la décarbonisation",2021-11-14 21:00:00,,"La 2000-Watt Smart Cities Association, ACTUAL et le Peace Innovation Institute de La Haye s'associent pour travailler avec les villes du monde entier ...",2021-11-14
/news-releases/la-asociacion-de-ciudades-inteligentes-de-2000-vatios-actual-y-el-instituto-de-innovacion-para-la-paz-se-asocian-867302129.html,"La Asociación de Ciudades Inteligentes de 2000 vatios, ACTUAL y el Instituto de Innovación para la Paz se asocian",2021-11-14 21:00:00,,"La Asociación de Ciudades Inteligentes de 2000 vatios, ACTUAL y el Instituto de Innovación para la Paz en La Haya se asocian de cara a trabajar con...",2021-11-14
/news-releases/global-accelerated-ventures-actual-y-bioassets-se-asocian-para-hacer-posible-la-descarbonizacion-total-812056027.html,"Global Accelerated Ventures, ACTUAL y Bioassets se asocian para hacer posible la descarbonización total",2021-11-14 21:00:00,,"Global Accelerated Ventures (GAV) y ACTUAL se asocian con Bioassets, para integrar créditos de carbono de alta calidad y de procedencia comprobada...",2021-11-14
/news-releases/global-accelerated-ventures-y-actual-se-asocian-con-bioassets-para-trabajar-con-empresas-a-fin-de-hacer-posible-la-descarbonizacion-total-804107583.html,Global Accelerated Ventures y ACTUAL se asocian con Bioassets para trabajar con empresas a fin de hacer posible la descarbonización total,2021-11-14 21:00:00,,Global Accelerated Ventures (GAV) y ACTUAL se asocian con Bioassets para integrar créditos de carbono de alta calidad y de procedencia comprobada con ...,2021-11-14
/news-releases/global-accelerated-ventures-actual-e-bioassets-fazem-parceria-para-trabalhar-com-empresas-para-tornar-possivel-a-descarbonizacao-total-885924456.html,"Global Accelerated Ventures, ACTUAL e Bioassets fazem parceria para trabalhar com empresas para tornar possível a descarbonização total",2021-11-14 21:00:00,,"A Global Accelerated Ventures (GAV) e a ACTUAL estão fazendo parceria com a Bioassets, para integrar créditos de carbono de alta qualidade e...",2021-11-14
/news-releases/sdruzeni-2000-watt-smart-cities-association-spolecnost-actual-a-organizace-peace-innovation-institute-navazuji-spolupraci-s-cilem-pomoci-mestum-po-celem-svete-urychlit-prechod-k-procesum-snizovani-uhlikovych-emisi-876922571.html,"Sdružení 2000-Watt Smart Cities Association, společnost ACTUAL a organizace Peace Innovation Institute navazují spolupráci s cílem pomoci městům po celém světě urychlit přechod k procesům snižování uhlíkových emisí",2021-11-14 21:00:00,,"Sdružení 2000-Watt Smart Cities Association, společnost ACTUAL a organizace Peace Innovation Institute v Haagu navazují spolupráci s cílem pomoci...",2021-11-14
/news-releases/autify-will-provide-exclusive-offers-as-aws-activate-partner-301423665.html,Autify Will Provide Exclusive Offers as AWS Activate Partner,2021-11-14 20:43:00,https://mma.prnewswire.com/media/1686917/Autify_Inc__CEO_Ryo_Chikazawa__Autify_AI_based_software_test_automation.jpg?p=thumbnail,"Autify, Inc. (CEO: Ryo Chikazawa), which provides Autify, an AI-based software test automation platform, has been chosen as AWS Activate Partner to...",2021-11-14
/news-releases/ebay-completes-transfer-of-its-businesses-in-korea-to-emart-301423649.html,eBay Completes Transfer of its Businesses in Korea to Emart,2021-11-14 20:04:00,https://mma.prnewswire.com/media/456314/eBay_Logo.jpg?p=thumbnail,"eBay Inc. (Nasdaq: EBAY), a global commerce leader that connects millions of buyers and sellers around the world, today announced it has completed...",2021-11-14
/news-releases/gannex-announces-china-nmpa-approved-phase-ii-and-iii-protocols-of-asc42-an-fxr-agonist-for-treatment-of-primary-biliary-cholangitis-301423609.html,"Gannex Announces China NMPA Approved Phase II and III Protocols of ASC42, an FXR Agonist, for Treatment of Primary Biliary Cholangitis",2021-11-14 19:30:00,,"Gannex Pharma Co., Ltd., a wholly owned company of Ascletis Pharma Inc. (HKEX:1672) announces today that the protocols of Phase II and III clinical...",2021-11-14
/news-releases/innocare-announces-the-clearance-of-clinical-trial-of-novel-shp2-allosteric-inhibitor-icp-189-by-us-fda-301423608.html,InnoCare Announces the Clearance of Clinical Trial of Novel SHP2 Allosteric Inhibitor ICP-189 by U.S. FDA,2021-11-14 19:30:00,,"InnoCare Pharma (HKEX: 09969), a commercial-stage biotech company, announced today the Investigational New Drug (IND) clearance of its SHP2 (Src...",2021-11-14
/news-releases/antengene-presents-compelling-preclinical-data-on-two-programs-at-the-society-for-immunotherapy-of-cancer-sitc-annual-meeting-on-november-12-2021-301423633.html,"Antengene Presents Compelling Preclinical Data on Two Programs at the Society for Immunotherapy of Cancer (SITC) Annual Meeting on November 12, 2021",2021-11-14 19:23:00,https://mma.prnewswire.com/media/1662479/ANTENGENE_EN_Logo.jpg?p=thumbnail,"Antengene Corporation Limited (""Antengene"", SEHK: 6996.HK), a leading innovative global biopharmaceutical company dedicated to discovering,...",2021-11-14
/news-releases/innovent-announces-the-results-of-the-phase-ib-clinical-trial-of-ibi302-a-first-in-class-anti-vegf-and-anti-complement-bi-specific-fusion-protein-for-neovascular-age-related-macular-degeneration-at-2021-american-academy-of-ophtha-301423556.html,"Innovent Announces the Results of the Phase Ib Clinical Trial of IBI302, a First-in-class Anti-VEGF and Anti-Complement Bi-specific Fusion Protein for Neovascular Age-Related Macular Degeneration at 2021 American Academy of Ophthalmology",2021-11-14 19:00:00,,"Innovent Biologics, Inc. (""Innovent"") (HKEX: 01801), a world-class biopharmaceutical company that develops, manufactures and commercializes...",2021-11-14
/news-releases/filfox-releases-multi-chain-noncustodial-crypto-storage-tool-301423319.html,Filfox Releases Multi-Chain Noncustodial Crypto Storage Tool,2021-11-14 19:00:00,,"Filfox has introduced Fox Wallet, a multi-platform protocol-agnostic cryptocurrency wallet to the Filecoin (FIL) community. Fox Wallet serves as a...",2021-11-14
/news-releases/nyriad-raises-us28-million-to-fund-go-to-market-efforts-and-continued-development-for-storage-solutions-based-on-a-new-architecture-301423445.html,Nyriad Raises US$28 Million to Fund Go-To-Market Efforts and Continued Development for Storage Solutions Based on a New Architecture,2021-11-14 18:02:00,https://mma.prnewswire.com/media/1623502/Nyriad_Inc_Logo.jpg?p=thumbnail,"Nyriad Inc. (Nyriad) announced today it has raised an additional US$28 million of funding, primarily from existing investors. The funds will be used...",2021-11-14
/news-releases/new-oriental-education--technology-group-inc-provides-business-updates-301423557.html,New Oriental Education & Technology Group Inc. Provides Business Updates,2021-11-14 17:00:00,,"New Oriental Education & Technology Group Inc. (""New Oriental"" or the ""Company"") (NYSE: EDU and SEHK: 9901), a provider of private educational...",2021-11-14
/news-releases/saladstop-group-asias-first-and-largest-healthy-food-chain-closes-financing-round-with-temasek-dsg-vulcan-k3-and-east-ventures-301422909.html,"SaladStop! Group, Asia's First and Largest Healthy Food Chain, Closes Financing Round with Temasek, DSG, Vulcan, K3 and East Ventures",2021-11-14 16:00:00,https://mma.prnewswire.com/media/1686801/From_left_Frantz_Braha_Katherine_Desbaillets_Braha___Adrien_Desbaillets.jpg?p=thumbnail,"SaladStop! Group (""SaladStop!"" or ""the Group""), the first and largest healthy food chain in Asia, today announced the closing of a SGD12 million...",2021-11-14
/news-releases/ctiscare-increasing-awareness-this-national-diabetes-month-to-save-limbs-and-lives-301423582.html,CūtisCare Increasing Awareness This National Diabetes Month To Save Limbs and Lives,2021-11-14 15:31:00,https://mma.prnewswire.com/media/1443320/CutisCare_LLC_Logo.jpg?p=thumbnail,"CūtisCare, a leading provider of wound care management services to hospitals and physicians, is continuing our fight this month to raise awareness...",2021-11-14
/news-releases/smx-and-lvmh-metiers-dart-collaboratively-enable-complete-traceability-of-origin-for-its-raw-materials-301423169.html,SMX and LVMH Métiers d'Art collaboratively enable complete traceability of origin for its raw materials.,2021-11-14 15:00:00,https://mma.prnewswire.com/media/1686974/shutterstock_1112095793.jpg?p=thumbnail,"Security Matters (https://smx.tech/home) (ASX: SMX) (""SMX"" and ""the Company"") a next-generation brand protection and authentication service provider...",2021-11-14
/news-releases/global-equity-research-services-market-sourcing-and-procurement-intelligence-report-top-spending-regions-and-market-price-trends-spendedge-301422527.html,Global Equity Research Services Market Sourcing and Procurement Intelligence Report| Top Spending Regions and Market Price Trends| SpendEdge,2021-11-14 13:13:00,https://mma.prnewswire.com/media/1684601/Equity_Research_Services.jpg?p=thumbnail,"The Equity Research Services market will register an incremental spend of about USD 3.36 Billion, growing at a CAGR of 4.89% during the five-year...",2021-11-14
/news-releases/rosen-leading-and-longstanding-investor-counsel-encourages-snap-inc-investors-with-losses-to-secure-counsel-before-important-deadline-in-securities-class-action-commenced-by-the-firm--snap-301423564.html,"ROSEN, LEADING AND LONGSTANDING INVESTOR COUNSEL, Encourages Snap Inc. Investors with Losses to Secure Counsel Before Important Deadline in Securities Class Action Commenced by the Firm - SNAP",2021-11-14 13:00:00,https://mma.prnewswire.com/media/405060/Rosen_Law_Logo.jpg?p=thumbnail,"WHY: . Rosen Law Firm, a global investor rights law firm, announces it has filed a class action lawsuit on behalf of purchasers of the securities of...",2021-11-14
/news-releases/carnival-cruise-line-resumes-guest-operations-from-tampa-with-carnival-pride-301423568.html,Carnival Cruise Line Resumes Guest Operations From Tampa With Carnival Pride,2021-11-14 12:40:00,https://mma.prnewswire.com/media/1687689/Ribbon_Cutting.jpg?p=thumbnail,"Continuing its successful restart, Carnival Cruise Line resumed guest operations today from Tampa, Fla. with Carnival Pride. A second ship, Carnival...",2021-11-14
/news-releases/sbers-ai-journey-conference-tech-development-must-be-human-centric-301423563.html,Sber's AI Journey Conference: Tech development must be human-centric,2021-11-14 12:04:00,,"Sber's international online conference ""Artificial Intelligence Journey"" culminated in a discussion titled ""AI Technology to Address Social Issues"",...",2021-11-14
/news-releases/epri-ceo-cop26-agreement-solidifies-global-march-towards-decarbonization-301423554.html,EPRI CEO: COP26 Agreement 'Solidifies Global March Towards Decarbonization',2021-11-14 09:28:00,https://mma.prnewswire.com/media/1138615/EPRI_Logo.jpg?p=thumbnail,"On Saturday, world leaders from nearly 200 countries came to an agreement at COP26, increasing national ambitions to reduce near-term emissions,...",2021-11-14
/news-releases/artmarketcom-global-press-release-on-prnewswire-global-general-news-and-actusnews-on-11-18-2021--301423553.html,Artmarket.com: Global Press Release on PRNewswire Global General News and ActusNews on 11.18.2021,2021-11-14 09:23:00,https://mma.prnewswire.com/media/1687669/Artprice_nft.jpg?p=thumbnail,"Following its recent press release of November 9, 2021 with CEO/Founder Thierry Ehrmann, Artprice by Artmarket will publish a global press release on ...",2021-11-14
/news-releases/seattle-seahawks-and-tableau-team-up-with-a-way-home-washington-to-tackle-the-rise-in-youth-and-young-adult-homelessness-across-washington-state-301423542.html,Seattle Seahawks and Tableau team up with A Way Home Washington to tackle the rise in youth and young adult homelessness across Washington State,2021-11-14 09:00:00,https://mma.prnewswire.com/media/1687484/A_Way_Home_Washington.jpg?p=thumbnail,"A Way Home Washington (AWHWA), the movement to prevent and end youth and young adult homelessness across Washington, is proud to announce a new...",2021-11-14
/news-releases/betterme-diabetic-meal-plans-to-keep-blood-sugar-stable-301423165.html,BetterMe Diabetic Meal Plans To Keep Blood Sugar Stable,2021-11-14 09:00:00,https://mma.prnewswire.com/media/1687022/BetterMe.jpg?p=thumbnail,"For World Diabetes Day, November 14th, BetterMe: Health Coaching is excited to present the Diabetic Meal Plans for two types of diabetes and a...",2021-11-14
/news-releases/usd-188-billion-growth-expected-in-civil-engineering-market-by-2024--1-200-sourcing-and-procurement-report--spendedge-301421445.html,"USD 188 Billion Growth expected in Civil Engineering Market by 2024 | 1,200+ Sourcing and Procurement Report | SpendEdge",2021-11-14 08:30:00,https://mma.prnewswire.com/media/1684600/Civil_Engineering.jpg?p=thumbnail,The Civil Engineering will grow at a CAGR of 5.11% by 2024. This report offers key advisory and intelligence to help buyers identify and shortlist...,2021-11-14
/news-releases/next-gen-foods-presente-le-poulet-vegetal-tindle-a-amsterdam-855560758.html,Next Gen Foods présente le poulet végétal « TiNDLE » à Amsterdam,2021-11-14 08:22:00,https://mma.prnewswire.com/media/1686616/Kims_Tacos_TiNDLE.jpg?p=thumbnail,"La société Next Gen Foods annonce aujourd'hui que TiNDLE – son poulet populaire à base de plantes, composé d'ingrédients simples - est désormais...",2021-11-14
/news-releases/offizieller-besuch-saudi-arabiens-in-frankreich-starkt-kulturelle-beziehungen-828329966.html,Offizieller Besuch Saudi-Arabiens in Frankreich stärkt kulturelle Beziehungen,2021-11-14 07:53:00,https://mma.prnewswire.com/media/1687527/saudi_moc.jpg?p=thumbnail,"Während eines einwöchigen Besuchs in Frankreich traf Seine Hoheit Prinz Badr bin Abdullah bin Farhan Al-Saud, saudischer Kulturminister, mit seiner...",2021-11-14
/news-releases/staatsminister-fur-kommunikation-devusinh-chauhan-weiht-neue-druckgussanlage-des-vvdn-ein-848414288.html,Staatsminister für Kommunikation Devusinh Chauhan weiht neue Druckgussanlage des VVDN ein,2021-11-14 07:39:00,https://mma.prnewswire.com/media/1687280/VVDN_Inauguration.jpg?p=thumbnail,"VVDN Technologies ist Indiens führendes Elektronikunternehmen. Der Staatsminister für Kommunikation, Shri Devusinh Chauhan, besuchte am 12. November...",2021-11-14
/news-releases/ascensia-diabetes-care-annonce-le-nom-du-gagnant-du-concours-artistique-et-photographique-this-is-diabetes-858209366.html,Ascensia Diabetes Care annonce le nom du gagnant du concours artistique et photographique This is Diabetes,2021-11-14 07:24:00,https://mma.prnewswire.com/media/1687041/This_is_Diabetes_art_and_photo_competition.jpg?p=thumbnail,"Ascensia Diabetes Care, une société mondiale de soins du diabète, fabricant de la gamme de systèmes de surveillance de la glycémie CONTOUR® et...",2021-11-14
/news-releases/ascensia-diabetes-care-gibt-den-gewinner-des-this-is-diabetes-kunst-und-fotowettbewerbs-bekannt-865948591.html,Ascensia Diabetes Care gibt den Gewinner des This is Diabetes Kunst- und Fotowettbewerbs bekannt,2021-11-14 07:21:00,https://mma.prnewswire.com/media/1687041/This_is_Diabetes_art_and_photo_competition.jpg?p=thumbnail,"Ascensia Diabetes Care, ein weltweit tätiges Unternehmen im Bereich der Diabetesversorgung, Hersteller des CONTOUR® Blutzuckermesssystems und...",2021-11-14
/news-releases/boeing-to-open-three-new-freighter-conversion-lines-takes-order-for-eleven-737-800bcf-301423524.html,Boeing to Open Three New Freighter Conversion Lines; Takes Order for Eleven 737-800BCF,2021-11-14 03:45:00,https://mma.prnewswire.com/media/1687440/Boeing_737_800_Converted_Freighters.jpg?p=thumbnail,"As global demand for freighters continues to soar, Boeing [NYSE: BA] today announced plans to add three conversion lines for the market-leading...",2021-11-14
/news-releases/ascensia-diabetes-care-announce-winner-of-this-is-diabetes-art-and-photo-competition-301423257.html,Ascensia Diabetes Care Announce Winner of This is Diabetes Art and Photo Competition,2021-11-14 02:00:00,https://mma.prnewswire.com/media/1687041/This_is_Diabetes_art_and_photo_competition.jpg?p=thumbnail,"Ascensia Diabetes Care, a global diabetes care company, makers of CONTOUR® blood glucose monitoring (BGM) system portfolio and distributors of the...",2021-11-14
/news-releases/ascensia-diabetes-care-anuncia-el-ganador-del-concurso-de-arte-y-fotografia-this-is-diabetes-899566024.html,Ascensia Diabetes Care anuncia el ganador del concurso de arte y fotografía This is Diabetes,2021-11-14 02:00:00,https://mma.prnewswire.com/media/1687041/This_is_Diabetes_art_and_photo_competition.jpg?p=thumbnail,"Ascensia Diabetes Care, una empresa global de atención a la diabetes, fabricante de la cartera de sistemas de monitorización de glucosa en sangre...",2021-11-14
/news-releases/ascensia-diabetes-care-anuncia-el-ganador-de-la-competencia-de-arte-y-fotografia-this-is-diabetes-876642159.html,Ascensia Diabetes Care anuncia el ganador de la competencia de arte y fotografía This is Diabetes,2021-11-14 02:00:00,https://mma.prnewswire.com/media/1687041/This_is_Diabetes_art_and_photo_competition.jpg?p=thumbnail,"Ascensia Diabetes Care, una empresa global de cuidado de la diabetes, creadora de la línea de sistemas de monitoreo de glucosa en la sangre (BGM)...",2021-11-14
/news-releases/sheila-mikhail-of-askbio-named-entrepreneur-of-the-year-2021-national-overall-award-winner-as-ey-celebrates-programs-35th-anniversary-301423535.html,Sheila Mikhail of AskBio Named Entrepreneur Of The Year® 2021 National Overall Award Winner as EY Celebrates Program's 35th Anniversary,2021-11-14 01:30:00,https://mma.prnewswire.com/media/155992/ey_logo.jpg?p=thumbnail,"Ernst & Young LLP (EY US) today announced that Sheila Mikhail, Founder and CEO of AskBio has been named the Entrepreneur Of The Year® 2021 National...",2021-11-14
/news-releases/st-kitts-and-nevis-prime-minister-to-promote-citizenship-by-investment-in-dubai-uae-301423385.html,"St Kitts and Nevis' Prime Minister to Promote Citizenship by Investment in Dubai, UAE",2021-11-14 00:00:00,,"Endless lockdowns, travel restrictions and the suspension of temporary visas by several countries during the pandemic motivated...",2021-11-14
